{"LTC_USD":{"last":46.48,"ask":46.48,"bid":46.42,"high":47.65,"low":44.09,"volume":69650.22526825,"timestamp":1586280236000},"ETH_USD":{"last":171.63,"ask":172.03,"bid":171.82,"high":176.65,"low":161.52,"volume":104735.05005945,"timestamp":1586280235000},"XRP_EUR":{"last":0.18537,"ask":0.18555,"bid":0.18537,"high":0.19072,"low":0.17896,"volume":53461028.44150046,"timestamp":1586280237000},"BCH_USD":{"last":258.47,"ask":259.13,"bid":258.6,"high":265.9,"low":247.33,"volume":16269.86113075,"timestamp":1586280236000},"BCH_EUR":{"last":238.45,"ask":238.44,"bid":238.06,"high":244.22,"low":231.04,"volume":4704.98965992,"timestamp":1586280235000},"BTC_EUR":{"last":6768.96,"ask":6773.18,"bid":6764.62,"high":6913.38,"low":6655.57,"volume":3543.07552114,"timestamp":1586280235000},"XRP_BTC":{"last":0.00002735,"ask":0.00002741,"bid":0.00002735,"high":0.00002758,"low":0.00002669,"volume":2128551.80160225,"timestamp":1586280236000},"EUR_USD":{"last":1.08612,"ask":1.08853,"bid":1.08645,"high":1.09274,"low":1.07573,"volume":248453.8839,"timestamp":1586280235000},"BCH_BTC":{"last":0.03533122,"ask":0.03521673,"bid":0.0351075,"high":0.0357111,"low":0.0346,"volume":1055.30909877,"timestamp":1586280236000},"LTC_EUR":{"last":42.7,"ask":42.74,"bid":42.66,"high":43.86,"low":40.9,"volume":31579.27892638,"timestamp":1586280237000},"BTC_USD":{"last":7360.9,"ask":7366.02,"bid":7360.9,"high":7469,"low":7167.32,"volume":11567.49710458,"timestamp":1586280234000},"LTC_BTC":{"last":0.00634622,"ask":0.00631667,"bid":0.00630313,"high":0.0064,"low":0.00611392,"volume":3058.7795916,"timestamp":1586280236000},"XRP_USD":{"last":0.2015,"ask":0.20167,"bid":0.20144,"high":0.2057,"low":0.1931,"volume":184546738.16306877,"timestamp":1586280235000},"ETH_BTC":{"last":0.02336235,"ask":0.02336552,"bid":0.02333588,"high":0.0237156,"low":0.02244978,"volume":15409.20967166,"timestamp":1586280236000},"ETH_EUR":{"last":157.97,"ask":158,"bid":157.97,"high":163.59,"low":149.73,"volume":40371.58903919,"timestamp":1586280236000}}