{"BTC_USD":{"last":7362.67,"ask":7364.28,"bid":7362.59,"high":"N/A","low":"N/A","volume":19655520.26602401,"timestamp":1586280237083},"ETH_USD":{"last":171.8,"ask":171.95,"bid":171.87,"high":"N/A","low":"N/A","volume":8975856.522669563,"timestamp":1586280237240},"ETH_BTC":{"last":0.02339,"ask":0.02335,"bid":0.02334,"high":"N/A","low":"N/A","volume":24.663722252604,"timestamp":1586280237093}}