{"ADA_ETH":{"last":0.0002113,"ask":0.0002111,"bid":0.0002101,"high":0.0002128,"low":0.000208,"volume":255643.36164378,"timestamp":1586280153466},"ADA_EUR":{"last":0.03333,"ask":0.033273,"bid":0.033254,"high":0.03449,"low":0.03246,"volume":10019023.59039568,"timestamp":1586280155217},"ADA_USD":{"last":0.036224,"ask":0.03619,"bid":0.036185,"high":0.037336,"low":0.035506,"volume":11176792.78827838,"timestamp":1586280152002},"ADA_BTC":{"last":0.00000491,"ask":0.00000493,"bid":0.00000491,"high":0.00000498,"low":0.00000485,"volume":2313071.76486492,"timestamp":1586280153268},"ALGO_ETH":{"last":0.00113,"ask":0.0011312,"bid":0.0011283,"high":0.0011358,"low":0.0010881,"volume":50482.61932497,"timestamp":1586280154167},"ALGO_EUR":{"last":0.1793,"ask":0.1783,"bid":0.17787,"high":0.18364,"low":0.17067,"volume":297058.87607896,"timestamp":1586280152730},"ALGO_USD":{"last":0.19357,"ask":0.19409,"bid":0.19366,"high":0.19871,"low":0.18427,"volume":194631.79226294,"timestamp":1586280153070},"ALGO_BTC":{"last":0.00002624,"ask":0.0000264,"bid":0.00002634,"high":0.00002676,"low":0.00002525,"volume":138281.80931803,"timestamp":1586280153561},"ATOM_ETH":{"last":0.014281,"ask":0.014204,"bid":0.014142,"high":0.014373,"low":0.013718,"volume":2825.01527098,"timestamp":1586280153247},"ATOM_EUR":{"last":2.2321,"ask":2.2375,"bid":2.229,"high":2.3122,"low":2.1387,"volume":48913.2820106,"timestamp":1586280155198},"ATOM_USD":{"last":2.4399,"ask":2.4336,"bid":2.4259,"high":2.49,"low":2.3089,"volume":20589.72983982,"timestamp":1586280152270},"ATOM_BTC":{"last":0.0003297,"ask":0.000331,"bid":0.0003301,"high":0.0003359,"low":0.000317,"volume":17868.66646292,"timestamp":1586280154526},"BAT_ETH":{"last":0.0009768,"ask":0.0009763,"bid":0.0009694,"high":0.000984,"low":0.0009435,"volume":48031.62158876,"timestamp":1586280153297},"BAT_EUR":{"last":0.15344,"ask":0.1539,"bid":0.15327,"high":0.158,"low":0.14943,"volume":405158.29714085,"timestamp":1586280153180},"BAT_USD":{"last":0.168,"ask":0.16753,"bid":0.16687,"high":0.17224,"low":0.161,"volume":613528.199151,"timestamp":1586280153467},"BAT_BTC":{"last":0.00002279,"ask":0.00002277,"bid":0.00002268,"high":0.00002311,"low":0.00002185,"volume":126994.76578122,"timestamp":1586280152602},"BCH_EUR":{"last":237.2,"ask":237.8,"bid":237.6,"high":244.5,"low":233.1,"volume":5272.00360025,"timestamp":1586280152189},"BCH_USD":{"last":259.5,"ask":258.8,"bid":258.7,"high":266,"low":252.7,"volume":6468.60617315,"timestamp":1586280153061},"BCH_BTC":{"last":0.03519,"ask":0.0352,"bid":0.03516,"high":0.03557,"low":0.03477,"volume":548.91138543,"timestamp":1586280155455},"DAI_EUR":{"last":0.93318,"ask":0.93437,"bid":0.93279,"high":0.94446,"low":0.93272,"volume":81938.23762864,"timestamp":1586280152194},"DAI_USD":{"last":1.01678,"ask":1.01711,"bid":1.01619,"high":1.02108,"low":1.01254,"volume":168222.09501279,"timestamp":1586280157037},"DAI_USDT":{"last":1.01586,"ask":1.0161,"bid":1.01453,"high":1.01874,"low":1.01254,"volume":39631.4659432,"timestamp":1586280153958},"DASH_EUR":{"last":69,"ask":68.779,"bid":68.562,"high":70,"low":66.627,"volume":1880.56973818,"timestamp":1586280152945},"DASH_USD":{"last":74.81,"ask":74.822,"bid":74.81,"high":75.985,"low":71.889,"volume":3924.29869557,"timestamp":1586280155381},"DASH_BTC":{"last":0.01017,"ask":0.01017,"bid":0.01016,"high":0.01022,"low":0.00986,"volume":370.71013701,"timestamp":1586280153170},"EOS_ETH":{"last":0.016032,"ask":0.015911,"bid":0.015856,"high":0.016204,"low":0.015934,"volume":7456.53360063,"timestamp":1586280153591},"EOS_EUR":{"last":2.5084,"ask":2.5065,"bid":2.5024,"high":2.6162,"low":2.4734,"volume":112676.68655474,"timestamp":1586280154006},"EOS_USD":{"last":2.7294,"ask":2.7298,"bid":2.7255,"high":2.8207,"low":2.6778,"volume":84662.26963544,"timestamp":1586280153036},"EOS_BTC":{"last":0.0003718,"ask":0.0003711,"bid":0.0003708,"high":0.00038,"low":0.0003657,"volume":22483.04049488,"timestamp":1586280153194},"ETH_CHF":{"last":164.62,"ask":168.08,"bid":166.61,"high":175.75,"low":162.91,"volume":185.03995946,"timestamp":1586280153102},"ETH_DAI":{"last":168.703,"ask":169.174,"bid":168.589,"high":173.382,"low":165,"volume":469.01499577,"timestamp":1586280153017},"ETH_USDC":{"last":171.97,"ask":171.8,"bid":171.55,"high":176.08,"low":168.55,"volume":725.19910815,"timestamp":1586280152145},"ETH_USDT":{"last":172,"ask":171.58,"bid":171.32,"high":175.59,"low":164.75,"volume":1508.19546629,"timestamp":1586280155126},"EUR_CAD":{"last":1.53,"ask":1.52711,"bid":1.5211,"high":1.53088,"low":1.5211,"volume":3429.110932,"timestamp":1586280156980},"EUR_CHF":{"last":1.0602,"ask":1.0649,"bid":1.0602,"high":1.06805,"low":1.05837,"volume":112317.54503517,"timestamp":1586280153388},"EUR_GBP":{"last":0.88779,"ask":0.88924,"bid":0.88685,"high":0.89999,"low":0.8782,"volume":87912.24546659,"timestamp":1586280152724},"EUR_JPY":{"last":118.993,"ask":119.169,"bid":118.335,"high":118.993,"low":117.248,"volume":332.0967,"timestamp":1586280152918},"GNO_ETH":{"last":0.0743,"ask":0.0738,"bid":0.0732,"high":0.0755,"low":0.0707,"volume":1089.43591608,"timestamp":1586280153237},"GNO_EUR":{"last":11.65,"ask":11.58,"bid":11.53,"high":11.98,"low":11.11,"volume":791.9926133,"timestamp":1586280152762},"GNO_USD":{"last":12.77,"ask":12.71,"bid":12.53,"high":12.99,"low":11.94,"volume":178.86113464,"timestamp":1586280152038},"GNO_BTC":{"last":0.00173,"ask":0.00172,"bid":0.00171,"high":0.00175,"low":0.00166,"volume":594.63070729,"timestamp":1586280157036},"ICX_ETH":{"last":0.0014946,"ask":0.0015263,"bid":0.0015168,"high":0.0015208,"low":0.00145,"volume":34323.67049444,"timestamp":1586280153339},"ICX_EUR":{"last":0.2377,"ask":0.24,"bid":0.2391,"high":0.2455,"low":0.2288,"volume":498230.65500013,"timestamp":1586280155293},"ICX_USD":{"last":0.2594,"ask":0.2611,"bid":0.2606,"high":0.2678,"low":0.2477,"volume":142867.34320791,"timestamp":1586280153533},"ICX_BTC":{"last":0.00003499,"ask":0.00003557,"bid":0.00003539,"high":0.00003595,"low":0.00003413,"volume":292770.82149885,"timestamp":1586280153092},"LINK_ETH":{"last":0.01657215,"ask":0.01666103,"bid":0.01661439,"high":0.01657215,"low":0.01487616,"volume":29618.17417864,"timestamp":1586280153247},"LINK_EUR":{"last":2.61393,"ask":2.62705,"bid":2.62144,"high":2.66741,"low":2.37,"volume":250725.11872126,"timestamp":1586280153072},"LINK_USD":{"last":2.85402,"ask":2.86015,"bid":2.85411,"high":2.91,"low":2.56262,"volume":523911.65717433,"timestamp":1586280153337},"LINK_BTC":{"last":0.0003872,"ask":0.00038894,"bid":0.00038823,"high":0.00039328,"low":0.00034664,"volume":89662.97899526,"timestamp":1586280154098},"LSK_ETH":{"last":0.00625882,"ask":0.00625714,"bid":0.00621234,"high":0.00635023,"low":0.0060041,"volume":1242.32523716,"timestamp":1586280153014},"LSK_EUR":{"last":0.991,"ask":0.98901,"bid":0.982035,"high":1.03,"low":0.948098,"volume":18918.78586135,"timestamp":1586280152150},"LSK_USD":{"last":1.079646,"ask":1.077364,"bid":1.070782,"high":1.107962,"low":0.99741,"volume":22714.92522027,"timestamp":1586280153334},"LSK_BTC":{"last":0.000146324,"ask":0.000146158,"bid":0.000145484,"high":0.000149357,"low":0.000139948,"volume":9170.99945921,"timestamp":1586280154011},"NANO_ETH":{"last":0.00353805,"ask":0.00354961,"bid":0.00352677,"high":0.00362681,"low":0.0035317,"volume":10595.76622013,"timestamp":1586280152108},"NANO_EUR":{"last":0.56185,"ask":0.560203,"bid":0.557185,"high":0.579999,"low":0.510007,"volume":62942.72398767,"timestamp":1586280152941},"NANO_USD":{"last":0.6081,"ask":0.608491,"bid":0.6081,"high":0.65,"low":0.6,"volume":38075.08899211,"timestamp":1586280153014},"NANO_BTC":{"last":0.000082852,"ask":0.00008281,"bid":0.000082394,"high":0.000084606,"low":0.000082393,"volume":23371.037524,"timestamp":1586280153428},"OMG_ETH":{"last":0.00360122,"ask":0.00359856,"bid":0.00357984,"high":0.00366438,"low":0.00348343,"volume":3808.18619384,"timestamp":1586280153285},"OMG_EUR":{"last":0.563933,"ask":0.568073,"bid":0.562643,"high":0.597779,"low":0.555963,"volume":16967.52034457,"timestamp":1586280152662},