{"BCN_BTC":{"last":4e-8,"ask":4e-8,"bid":3e-8,"high":4e-8,"low":3e-8,"volume":25740489.92377398,"timestamp":1586280148390},"BTS_BTC":{"last":0.00000253,"ask":0.00000254,"bid":0.00000252,"high":0.00000257,"low":0.0000025,"volume":214046.27393399,"timestamp":1586280152381},"DASH_BTC":{"last":0.01016453,"ask":0.01016452,"bid":0.01015129,"high":0.01022353,"low":0.00985896,"volume":1776.86683045,"timestamp":1586280152718},"DOGE_BTC":{"last":2.8e-7,"ask":2.8e-7,"bid":2.7e-7,"high":2.8e-7,"low":2.7e-7,"volume":13552778.75209393,"timestamp":1586280152143},"LTC_BTC":{"last":0.00631725,"ask":0.00632469,"bid":0.00631621,"high":0.00640531,"low":0.00609002,"volume":18387.46290912,"timestamp":1586280156571},"NXT_BTC":{"last":0.0000013,"ask":0.0000013,"bid":0.00000129,"high":0.00000132,"low":0.00000127,"volume":491435.5029767,"timestamp":1586280153172},"STR_BTC":{"last":0.00000685,"ask":0.00000686,"bid":0.00000685,"high":0.00000695,"low":0.00000673,"volume":2354999.85125709,"timestamp":1586280154467},"XEM_BTC":{"last":0.00000552,"ask":0.00000552,"bid":0.00000551,"high":0.00000553,"low":0.00000533,"volume":812348.24265399,"timestamp":1586280155595},"XMR_BTC":{"last":0.00791523,"ask":0.00792238,"bid":0.00791523,"high":0.00811462,"low":0.00785501,"volume":9866.33141558,"timestamp":1586280154001},"XRP_BTC":{"last":0.00002737,"ask":0.00002738,"bid":0.00002737,"high":0.00002758,"low":0.00002667,"volume":12018010.20167218,"timestamp":1586280154532},"BTC_USDT":{"last":7346.00000001,"ask":7346.24639194,"bid":7346.00000001,"high":7451.88173715,"low":7160.57339422,"volume":3081.16604461,"timestamp":1586280153101},"DASH_USDT":{"last":74.53656971,"ask":74.7084768,"bid":74.5640926,"high":75.8650796,"low":71.59360964,"volume":1612.21977073,"timestamp":1586280154390},"LTC_USDT":{"last":46.34001686,"ask":46.43999995,"bid":46.3853046,"high":47.62081984,"low":44.01236387,"volume":12538.31381219,"timestamp":1586280152895},"NXT_USDT":{"last":0.00949736,"ask":0.00958516,"bid":0.00949696,"high":0.00978162,"low":0.0092721,"volume":717795.97471716,"timestamp":1586280152314},"STR_USDT":{"last":0.05048208,"ask":0.05042302,"bid":0.05025576,"high":0.0515,"low":0.04846435,"volume":1912167.66803972,"timestamp":1586280152478},"XMR_USDT":{"last":58.21950931,"ask":58.23075914,"bid":58.07198874,"high":60.33962607,"low":57.00579404,"volume":4117.94722435,"timestamp":1586280154911},"XRP_USDT":{"last":0.20083911,"ask":0.20130654,"bid":0.2009481,"high":0.2052128,"low":0.19295611,"volume":5991611.92585406,"timestamp":1586280156795},"ETH_BTC":{"last":0.02333899,"ask":0.02333898,"bid":0.02333401,"high":0.0237,"low":0.02242827,"volume":34117.35467145,"timestamp":1586280154710},"ETH_USDT":{"last":171.08815639,"ask":171.57258388,"bid":171.39400001,"high":176.35168517,"low":161.5,"volume":47455.1106575,"timestamp":1586280152843},"SC_BTC":{"last":2e-7,"ask":2.1e-7,"bid":2e-7,"high":2.1e-7,"low":2e-7,"volume":9496276.33584488,"timestamp":1586280153866},"DCR_BTC":{"last":0.00173678,"ask":0.00173814,"bid":0.00172255,"high":0.00175002,"low":0.00172255,"volume":186.55575201,"timestamp":1586280156443},"LSK_BTC":{"last":0.00014651,"ask":0.000146,"bid":0.00014545,"high":0.00014922,"low":0.00014024,"volume":5228.46619771,"timestamp":1586280157517},"STEEM_BTC":{"last":0.00002387,"ask":0.00002408,"bid":0.00002377,"high":0.00002478,"low":0.00002366,"volume":23335.90533739,"timestamp":1586280153461},"ETC_BTC":{"last":0.0007722,"ask":0.00077275,"bid":0.00077058,"high":0.000783,"low":0.00075823,"volume":40746.05330992,"timestamp":1586280151540},"ETC_ETH":{"last":0.03298328,"ask":0.0331303,"bid":0.03294409,"high":0.03399998,"low":0.03249627,"volume":16833.97884588,"timestamp":1586280157827},"ETC_USDT":{"last":5.67729117,"ask":5.67986664,"bid":5.66272459,"high":5.819344,"low":5.48865247,"volume":35590.83302826,"timestamp":1586280150484},"REP_BTC":{"last":0.00140282,"ask":0.00141257,"bid":0.0014028,"high":0.00141735,"low":0.00137979,"volume":1192.51194148,"timestamp":1586280156890},"REP_USDT":{"last":10.42248289,"ask":10.38238931,"bid":10.29367719,"high":10.46790669,"low":10.0285743,"volume":1042.31504511,"timestamp":1586280153176},"REP_ETH":{"last":0.06035282,"ask":0.06035282,"bid":0.06005275,"high":0.06219555,"low":0.05885898,"volume":1348.64217649,"timestamp":1586280153701},"ARDR_BTC":{"last":0.00000489,"ask":0.00000489,"bid":0.00000474,"high":0.0000049,"low":0.00000469,"volume":36229.40016994,"timestamp":1586280153843},"ZEC_BTC":{"last":0.00508916,"ask":0.00509603,"bid":0.00509103,"high":0.00515937,"low":0.00499211,"volume":2731.79203366,"timestamp":1586280152868},"ZEC_ETH":{"last":0.21740821,"ask":0.21873992,"bid":0.21794163,"high":0.22515521,"low":0.21323036,"volume":1433.49055801,"timestamp":1586280152348},"ZEC_USDT":{"last":37.40701578,"ask":37.63842928,"bid":37.36649704,"high":38.40481471,"low":36.35,"volume":3936.1447981,"timestamp":1586280157020},"STRAT_BTC":{"last":0.00003918,"ask":0.00003951,"bid":0.00003918,"high":0.00004096,"low":0.00003902,"volume":10534.90145085,"timestamp":1586280153349},"GNT_BTC":{"last":0.00000503,"ask":0.00000506,"bid":0.00000502,"high":0.00000512,"low":0.00000496,"volume":62668.06370913,"timestamp":1586280156711},"ZRX_BTC":{"last":0.00002435,"ask":0.00002441,"bid":0.00002431,"high":0.00002441,"low":0.00002278,"volume":121915.98861479,"timestamp":1586280152931},"ZRX_ETH":{"last":0.00104273,"ask":0.00104676,"bid":0.00103884,"high":0.00104273,"low":0.00097547,"volume":8725.76856516,"timestamp":1586280152964},"CVC_BTC":{"last":0.00000282,"ask":0.00000283,"bid":0.00000281,"high":0.00000284,"low":0.00000277,"volume":224695.40003554,"timestamp":1586280155466},"OMG_BTC":{"last":0.0000834,"ask":0.00008416,"bid":0.00008353,"high":0.000086,"low":0.00008091,"volume":8925.37614023,"timestamp":1586280153186},"GAS_BTC":{"last":0.00015752,"ask":0.0001582,"bid":0.00015693,"high":0.00015949,"low":0.00015496,"volume":381.45871627,"timestamp":1586280154069},"STORJ_BTC":{"last":0.00001389,"ask":0.000014,"bid":0.00001385,"high":0.00001449,"low":0.00001385,"volume":47243.25773142,"timestamp":1586280154379},"EOS_BTC":{"last":0.00037175,"ask":0.0003716,"bid":0.00037061,"high":0.00038042,"low":0.00036554,"volume":35319.98012884,"timestamp":1586280153551},"EOS_ETH":{"last":0.01595462,"ask":0.01591923,"bid":0.01586512,"high":0.01659653,"low":0.01588153,"volume":3762.43620311,"timestamp":1586280154348},"EOS_USDT":{"last":2.73,"ask":2.72930481,"bid":2.72007456,"high":2.82063217,"low":2.65373092,"volume":50525.21619734,"timestamp":1586280152209},"SNT_BTC":{"last":0.00000231,"ask":0.0000023,"bid":0.00000229,"high":0.00000241,"low":0.00000229,"volume":214490.26811563,"timestamp":1586280154378},"KNC_BTC":{"last":0.0000697,"ask":0.00007007,"bid":0.00006768,"high":0.00007187,"low":0.00006242,"volume":4575.82214004,"timestamp":1586280153183},"BAT_BTC":{"last":0.00002277,"ask":0.00002276,"bid":0.00002267,"high":0.00002309,"low":0.00002185,"volume":58140.19510691,"timestamp":1586280155932},"BAT_ETH":{"last":0.00097492,"ask":0.00097443,"bid":0.00097081,"high":0.00099,"low":0.00093874,"volume":17076.81693998,"timestamp":1586280155790},"BAT_USDT":{"last":0.16711805,"ask":0.1671985,"bid":0.16627131,"high":0.17154355,"low":0.15805187,"volume":92571.89486437,"timestamp":1586280153949},"LOOM_BTC":{"last":0.00000216,"ask":0.00000216,"bid":0.00000215,"high":0.00000216,"low":0.00000209,"volume":224902.17279641,"timestamp":1586280154308},"DOGE_USDT":{"last":0.001995,"ask":0.00199683,"bid":0.0019783,"high":0.00201591,"low":0.00192904,"volume":10192559.37183542,"timestamp":1586280151282},"GNT_USDT":{"last":0.03670401,"ask":0.03715058,"bid":0.03683357,"high":0.03744369,"low":0.03651851,"volume":42422.0406042,"timestamp":1586280153632},"LSK_USDT":{"last":1.04014329,"ask":1.10341,"bid":1.072,"high":1.11999996,"low":1.003288,"volume":1241.54431288,"timestamp":1586280153308},"SC_USDT":{"last":0.00148,"ask":0.00150244,"bid":0.00148,"high":0.00154498,"low":0.00142585,"volume":11609550.87189682,"timestamp":1586280153100},